{
  "config": {
    "K": 4,
    "N": 4,
    "n_train": 256,
    "n_test": 256,
    "noise_sigma": {
      "smooth": 0.07,
      "irregular": 0.18
    },
    "mlp": {
      "architecture": "1-hidden-layer tanh",
      "width": 64,
      "steps": {
        "smooth": 1200,
        "irregular": 400
      }
    },
    "quant_bits": [
      2,
      3,
      4,
      5,
      6,
      7,
      8,
      9,
      10
    ],
    "fidelity_tol": 0.05
  },
  "smooth": {
    "splan": {
      "P": 104,
      "rmse_float": 0.023168606683568953,
      "curve": [
        {
          "b": 2,
          "Hpp": 1.2673182057166152,
          "rmse": 0.28328237558546615
        },
        {
          "b": 3,
          "Hpp": 2.421277232119215,
          "rmse": 0.09677695938591803
        },
        {
          "b": 4,
          "Hpp": 3.1222671873543817,
          "rmse": 0.04861633376549452
        },
        {
          "b": 5,
          "Hpp": 3.470965865301405,
          "rmse": 0.026515420955300625
        },
        {
          "b": 6,
          "Hpp": 3.7115384615384617,
          "rmse": 0.023874028613828327
        },
        {
          "b": 7,
          "Hpp": 3.769230769230769,
          "rmse": 0.02342162913900202
        },
        {
          "b": 8,
          "Hpp": 3.826923076923077,
          "rmse": 0.023551428037460412
        },
        {
          "b": 9,
          "Hpp": 3.8461538461538463,
          "rmse": 0.023102513828043927
        },
        {
          "b": 10,
          "Hpp": 3.8461538461538463,
          "rmse": 0.02314777663220636
        }
      ],
      "b_star": {
        "b": 6,
        "Hpp": 3.7115384615384617,
        "rmse": 0.023874028613828327
      }
    },
    "mlp": {
      "P": 580,
      "rmse_float": 0.022106052826848455,
      "curve": [
        {
          "b": 2,
          "Hpp": 0.7034703278385719,
          "rmse": 0.4695002043289068
        },
        {
          "b": 3,
          "Hpp": 2.09209095270524,
          "rmse": 0.10715995504450855
        },
        {
          "b": 4,
          "Hpp": 3.212564613774328,
          "rmse": 0.07684558537668942
        },
        {
          "b": 5,
          "Hpp": 4.247868400754865,
          "rmse": 0.055118758908583365
        },
        {
          "b": 6,
          "Hpp": 5.138140811349505,
          "rmse": 0.03134847470840578
        },
        {
          "b": 7,
          "Hpp": 5.936553137856486,
          "rmse": 0.022064491014937477
        },
        {
          "b": 8,
          "Hpp": 6.5991404381943894,
          "rmse": 0.022129574871882184
        },
        {
          "b": 9,
          "Hpp": 7.073385437119126,
          "rmse": 0.022194781123280126
        },
        {
          "b": 10,
          "Hpp": 7.365838728399784,
          "rmse": 0.022233209754443227
        }
      ],
      "b_star": {
        "b": 7,
        "Hpp": 5.936553137856486,
        "rmse": 0.022064491014937477
      }
    }
  },
  "irregular": {
    "splan": {
      "P": 104,
      "rmse_float": 0.4449176745829202,
      "curve": [
        {
          "b": 2,
          "Hpp": 1.0541230553325867,
          "rmse": 0.9486988788482755
        },
        {
          "b": 3,
          "Hpp": 2.2774163809796915,
          "rmse": 0.5040016776580148
        },
        {
          "b": 4,
          "Hpp": 2.970005620396502,
          "rmse": 0.46272614455561534
        },
        {
          "b": 5,
          "Hpp": 3.432504326839867,
          "rmse": 0.4457867654345713
        },
        {
          "b": 6,
          "Hpp": 3.6923076923076925,
          "rmse": 0.445497625569899
        },
        {
          "b": 7,
          "Hpp": 3.769230769230769,
          "rmse": 0.4452226602141559
        },
        {
          "b": 8,
          "Hpp": 3.8076923076923075,
          "rmse": 0.4444127739190023
        },
        {
          "b": 9,
          "Hpp": 3.826923076923077,
          "rmse": 0.44484206003395393
        },
        {
          "b": 10,
          "Hpp": 3.8461538461538463,
          "rmse": 0.44509639974573517
        }
      ],
      "b_star": {
        "b": 4,
        "Hpp": 2.970005620396502,
        "rmse": 0.46272614455561534
      }
    },
    "mlp": {
      "P": 580,
      "rmse_float": 0.44087382868357305,
      "curve": [
        {
          "b": 2,
          "Hpp": 0.4418759743752778,
          "rmse": 1.1309906527136702
        },
        {
          "b": 3,
          "Hpp": 1.6547847274470262,
          "rmse": 0.5236326260526143
        },
        {
          "b": 4,
          "Hpp": 2.791950779655029,
          "rmse": 0.46787889393130705
        },
        {
          "b": 5,
          "Hpp": 3.749788223486306,
          "rmse": 0.4639884594672138
        },
        {
          "b": 6,
          "Hpp": 4.704222415768264,
          "rmse": 0.4414274686466052
        },
        {
          "b": 7,
          "Hpp": 5.517368014503624,
          "rmse": 0.4405022997343818
        },
        {
          "b": 8,
          "Hpp": 6.246874158781863,
          "rmse": 0.43998633567494955
        },
        {
          "b": 9,
          "Hpp": 6.795887220846898,
          "rmse": 0.4409127044779333
        },
        {
          "b": 10,
          "Hpp": 7.203746886212984,
          "rmse": 0.44100662226779686
        }
      ],
      "b_star": {
        "b": 6,
        "Hpp": 4.704222415768264,
        "rmse": 0.4414274686466052
      }
    }
  }
}